tag-id,animal-id,animal-taxon,deploy-on-date,deploy-off-date,animal-comments,animal-life-stage,animal-reproductive-condition,animal-sex,attachment-type,data-processing-software,deployment-end-type,deployment-id,duty-cycle,manipulation-comments,manipulation-type,study-site,tag-manufacturer-name,tag-mass,tag-model,tag-readout-method
sweetpeatag,Sweetpea,Felis catus,2013-08-14 15:52:57.000,2013-08-22 01:06:19.000,Hunt: Yes; prey_p_month: 12,7 years,Spayed,f,collar,@Trip PC,removal,Sweetpea,3-min fixes,hrs_indoors: 9; n_cats: 1,manipulated other,"NC, United States","Mobile Action Technology, Inc.",119.0,i-GotU,tag retreival
motorcattag,Motorcat,Felis catus,2013-08-14 16:05:13.000,2013-08-21 23:44:39.000,Hunt: Yes; prey_p_month: 1,14 years,Spayed,f,collar,@Trip PC,,Motorcat,3-min fixes,hrs_indoors: 12; n_cats: 1,manipulated other,"NC, United States","Mobile Action Technology, Inc.",119.0,i-GotU,tag retreival
Gracietag,Gracie,Felis catus,2013-08-17 05:04:33.000,2013-08-23 11:12:22.000,Hunt: Yes; prey_p_month: 4,10 years,Spayed,f,collar,@Trip PC,removal,Gracie,3-min fixes,hrs_indoors: 4; n_cats: 1,manipulated other,"NC, United States","Mobile Action Technology, Inc.",119.0,i-GotU,tag retreival
Minnie2Tag,Minnie2,Felis catus,2013-08-21 01:45:05.000,2013-08-21 13:29:59.000,Hunt: ; prey_p_month:,,, ,collar,@Trip PC,removal,Minnie2,3-min fixes,hrs_indoors: ; n_cats:,manipulated other,"NC, United States","Mobile Action Technology, Inc.",119.0,i-GotU,tag retreival
Lestertag,Lester,Felis catus,2013-08-21 05:02:27.000,2013-08-26 02:22:59.000,Hunt: Yes; prey_p_month: 1,13 years,Neutered,m,collar,@Trip PC,removal,Lester,3-min fixes,hrs_indoors: 1; n_cats: 1; Notes: inside much more during winter,manipulated other,"NC, United States","Mobile Action Technology, Inc.",119.0,i-GotU,tag retreival
LaceyTag,Lacey,Felis catus,2013-09-01 09:01:24.000,2014-10-07 08:57:26.000,Hunt: Yes; prey_p_month: 8,3 years,Spayed,f,collar,@Trip PC,removal,Lacey,3-min fixes,hrs_indoors: 11; n_cats: 2,manipulated other,"NC, United States","Mobile Action Technology, Inc.",119.0,i-GotU,tag retreival
Chicha,Chicha2,Felis catus,2013-09-07 06:25:16.000,2014-01-08 03:57:30.000,Hunt: ; prey_p_month:,,, ,collar,@Trip PC,removal,Chicha2,3-min fixes,hrs_indoors: ; n_cats:,manipulated other,"NC, United States","Mobile Action Technology, Inc.",119.0,i-GotU,tag retreival
Hamish2Tag,Hamish2,Felis catus,2014-01-08 17:11:58.000,2015-06-06 04:51:51.000,Hunt: ; prey_p_month:,,, ,collar,@Trip PC,,Hamish2,3-min fixes,hrs_indoors: ; n_cats:,manipulated other,Denmark,"Mobile Action Technology, Inc.",119.0,i-GotU,tag retreival
MaggiePicklesTag,Maggie Pickles,Felis catus,2014-01-21 02:03:05.000,2014-01-23 20:15:19.000,Hunt: ; prey_p_month:,,, ,collar,@Trip PC,,Maggie Pickles,3-min fixes,hrs_indoors: ; n_cats:,manipulated other,"NC, United States","Mobile Action Technology, Inc.",119.0,i-GotU,tag retreival
PicassoTag,Picasso,Felis catus,2014-02-01 19:44:36.000,2014-02-08 19:55:58.000,Hunt: ; prey_p_month:,,, ,collar,@Trip PC,removal,Picasso,3-min fixes,hrs_indoors: ; n_cats:,manipulated other,"NC, United States","Mobile Action Technology, Inc.",119.0,i-GotU,tag retreival
Kitty D2Tag,Kitty D2,Felis catus,2014-03-01 14:17:10.000,2014-03-17 21:57:20.000,Hunt: ; prey_p_month:,,, ,collar,@Trip PC,removal,Kitty D2,3-min fixes,hrs_indoors: ; n_cats:,manipulated other,"NC, United States","Mobile Action Technology, Inc.",119.0,i-GotU,tag retreival
Banjo2Tag,Banjo2,Felis catus,2014-04-07 23:08:36.000,2014-04-18 10:24:28.000,Hunt: Yes; prey_p_month: 1,9 years,Spayed,f,collar,@Trip PC,,Banjo2,3-min fixes,hrs_indoors: 16; n_cats: 1,manipulated other,"NC, United States","Mobile Action Technology, Inc.",119.0,i-GotU,tag retreival
Tex2Tag,Tex2,Felis catus,2014-04-11 16:41:37.000,2014-04-17 08:59:12.000,Hunt: Yes; prey_p_month: 4,5 years,Spayed,f,collar,@Trip PC,,Tex2,3-min fixes,hrs_indoors: 11; n_cats: 2,manipulated other,"NC, United States","Mobile Action Technology, Inc.",119.0,i-GotU,tag retreival
Maddie2Tag,Maddie2,Felis catus,2014-04-14 00:03:29.000,2014-04-18 18:52:08.000,Hunt: Yes; prey_p_month: 1,10 years,Spayed,f,collar,@Trip PC,removal,Maddie2,3-min fixes,hrs_indoors: 10.5; n_cats: 3,manipulated other,"NC, United States","Mobile Action Technology, Inc.",119.0,i-GotU,tag retreival
Tiger2Tag,Tiger2,Felis catus,2014-04-25 00:04:33.000,2014-04-30 08:49:43.000,Hunt: Yes; prey_p_month: 4,5 years,Neutered,m,collar,@Trip PC,removal,Tiger2,3-min fixes,hrs_indoors: 5; n_cats: 2,manipulated other,"NC, United States","Mobile Action Technology, Inc.",119.0,i-GotU,tag retreival
OatmealTag,Oatmeal,Felis catus,2014-04-25 01:02:35.000,2014-05-01 06:29:43.000,Hunt: No; prey_p_month: 0,5 years,Neutered,m,collar,@Trip PC,removal,Oatmeal,3-min fixes,hrs_indoors: 17; n_cats: 2,manipulated other,"NC, United States","Mobile Action Technology, Inc.",119.0,i-GotU,tag retreival
OscarNTag,OscarN,Felis catus,2014-04-30 00:02:05.000,2014-05-05 17:25:27.000,Hunt: No; prey_p_month: 0,5 years,Neutered,m,collar,@Trip PC,removal,OscarN,3-min fixes,hrs_indoors: 17; n_cats: 1,manipulated other,"NC, United States","Mobile Action Technology, Inc.",119.0,i-GotU,tag retreival
TonkaTag,Tonka2,Felis catus,2014-04-30 00:21:51.000,2014-05-05 05:58:11.000,Hunt: Yes; prey_p_month: 0; Notes: brings home 3 or 4 prey items a year,13 years,Neutered,m,collar,@Trip PC,,Tonka2,3-min fixes,hrs_indoors: 7.5; n_cats: 1,manipulated other,"NC, United States","Mobile Action Technology, Inc.",119.0,i-GotU,tag retreival
Jello2Tag,Jello2,Felis catus,2014-05-31 00:01:58.000,2014-06-07 03:58:23.000,Hunt: Yes; prey_p_month: 4,3 years,Neutered,m,collar,@Trip PC,,Jello2,3-min fixes,hrs_indoors: 9; n_cats: 2,manipulated other,"NC, United States","Mobile Action Technology, Inc.",119.0,i-GotU,tag retreival
Harley2Tag,Harley2,Felis catus,2014-06-06 00:03:05.000,2014-06-11 18:41:26.000,Hunt: Yes; prey_p_month: 4,5 years,Spayed,f,collar,@Trip PC,removal,Harley2,3-min fixes,hrs_indoors: 24; n_cats: 2,manipulated other,"NC, United States","Mobile Action Technology, Inc.",119.0,i-GotU,tag retreival
Survivor2Tag,Survivor2,Felis catus,2014-06-06 00:17:35.000,2014-06-11 19:03:05.000,Hunt: Yes; prey_p_month: 4,2 years,Neutered,m,collar,@Trip PC,,Survivor2,3-min fixes,hrs_indoors: 13; n_cats: 3,manipulated other,"NC, United States","Mobile Action Technology, Inc.",119.0,i-GotU,tag retreival
Beatle2Tag,Beatle2,Felis catus,2014-06-06 00:17:37.000,2014-06-11 04:59:33.000,Hunt: No; prey_p_month: 0,7 years,Neutered,m,collar,@Trip PC,removal,Beatle2,3-min fixes,hrs_indoors: 10; n_cats: 3,manipulated other,"NC, United States","Mobile Action Technology, Inc.",119.0,i-GotU,tag retreival
Boris2Tag,Boris2,Felis catus,2014-06-06 01:42:44.000,2014-06-08 03:05:47.000,Hunt: Yes; prey_p_month: 4,2 years,Neutered,m,collar,@Trip PC,,Boris2,3-min fixes,hrs_indoors: 14; n_cats: 2,manipulated other,"NC, United States","Mobile Action Technology, Inc.",119.0,i-GotU,tag retreival
Natasha2Tag,Natasha2,Felis catus,2014-06-06 11:27:04.000,2014-06-10 23:34:26.000,Hunt: No; prey_p_month: 0,2 years,Spayed,f,collar,@Trip PC,,Natasha2,3-min fixes,hrs_indoors: 19; n_cats: 2,manipulated other,"NC, United States","Mobile Action Technology, Inc.",119.0,i-GotU,tag retreival
SasquatchTag,Sasquatch2,Felis catus,2014-06-12 00:02:44.000,2014-06-16 23:05:08.000,Hunt: Yes; prey_p_month: 1,4 years,Neutered,m,collar,@Trip PC,removal,Sasquatch2,3-min fixes,"hrs_indoors: 8; n_cats: 1; Notes: often sleeps inside, but otherwise only comes in when cold or wet",manipulated other,"NC, United States","Mobile Action Technology, Inc.",119.0,i-GotU,tag retreival
Jams2Tag,Jams2,Felis catus,2014-06-12 03:03:10.000,2014-06-17 03:06:29.000,Hunt: Yes; prey_p_month: 4,9 years,Neutered,m,collar,@Trip PC,removal,Jams2,3-min fixes,hrs_indoors: 11; n_cats: 2,manipulated other,"NC, United States","Mobile Action Technology, Inc.",119.0,i-GotU,tag retreival
Catniss EverdeenTag,Catniss Everdeen,Felis catus,2014-06-19 00:02:29.000,2014-06-24 11:17:15.000,Hunt: No; prey_p_month: 0,1 year,Spayed,f,collar,@Trip PC,removal,Catniss Everdeen,3-min fixes,hrs_indoors: 11; n_cats: 2,manipulated other,"NC, United States","Mobile Action Technology, Inc.",119.0,i-GotU,tag retreival
Donald FluffypantsTag,Donald Fluffypants,Felis catus,2014-06-19 00:02:34.000,2014-06-23 15:46:57.000,Hunt: Yes; prey_p_month: 4,3 years,Neutered,m,collar,@Trip PC,removal,Donald Fluffypants,3-min fixes,hrs_indoors: 12; n_cats: 2,manipulated other,"NC, United States","Mobile Action Technology, Inc.",119.0,i-GotU,tag retreival
JetpackTag,Jetpack,Felis catus,2014-06-19 00:02:58.000,2014-06-24 20:27:12.000,Hunt: Yes; prey_p_month: 4,2 years,Spayed,f,collar,@Trip PC,removal,Jetpack,3-min fixes,hrs_indoors: 12; n_cats: 2; Notes: free access to cat door,manipulated other,"NC, United States","Mobile Action Technology, Inc.",119.0,i-GotU,tag retreival
Martha2Tag,Martha Wayne2,Felis catus,2014-06-19 00:03:30.000,2014-06-25 06:21:58.000,Hunt: No; prey_p_month: 0,3 years,Spayed,f,collar,@Trip PC,removal,Martha Wayne2,3-min fixes,hrs_indoors: 11; n_cats: 1,manipulated other,"NC, United States","Mobile Action Technology, Inc.",119.0,i-GotU,tag retreival
JitterbugTag,Jitterbug2,Felis catus,2014-06-19 00:16:54.000,2014-06-24 09:58:06.000,Hunt: Yes; prey_p_month: 1,2 years,Spayed,f,collar,@Trip PC,removal,Jitterbug2,3-min fixes,hrs_indoors: 9; n_cats: 2,manipulated other,"NC, United States","Mobile Action Technology, Inc.",119.0,i-GotU,tag retreival
Violet Mae2Tag,Violet Mae2,Felis catus,2014-06-19 00:46:21.000,2014-06-23 11:36:03.000,Hunt: No; prey_p_month: 0,7 years,Spayed,f,collar,@Trip PC,,Violet Mae2,3-min fixes,hrs_indoors: 2.5; n_cats: 3,manipulated other,"NC, United States","Mobile Action Technology, Inc.",119.0,i-GotU,tag retreival
Katniss EverdeenTag,Katniss Everdeen,Felis catus,2014-06-19 01:02:29.000,2014-06-24 12:17:15.000,Hunt: No; prey_p_month: 0,1 year,Spayed,f,collar,@Trip PC,removal,Katniss Everdeen,3-min fixes,hrs_indoors: 11; n_cats: 2,manipulated other,"NC, United States","Mobile Action Technology, Inc.",119.0,i-GotU,tag retreival
Ajax2Tag,Ajax2,Felis catus,2014-06-21 13:35:40.000,2014-06-29 19:22:42.000,Hunt: Yes; prey_p_month: 4,3 years,Neutered,m,collar,@Trip PC,removal,Ajax2,3-min fixes,hrs_indoors: 11; n_cats: 2,manipulated other,"TN, United States","Mobile Action Technology, Inc.",119.0,i-GotU,tag retreival
Shakespeare2Tag,Shakespeare2,Felis catus,2014-06-27 00:02:29.000,2014-07-02 13:10:54.000,Hunt: Yes; prey_p_month: 1,4 years,Neutered,m,collar,@Trip PC,removal,Shakespeare2,3-min fixes,hrs_indoors: 8; n_cats: 2,manipulated other,"NC, United States","Mobile Action Technology, Inc.",119.0,i-GotU,tag retreival
Captain America2Tag,Captain America 2,Felis catus,2014-06-27 00:26:47.000,2014-07-01 21:47:47.000,Hunt: Yes; prey_p_month: 4,8 years,Neutered,m,collar,@Trip PC,removal,Captain America 2,3-min fixes,hrs_indoors: 5; n_cats: 1,manipulated other,"NC, United States","Mobile Action Technology, Inc.",119.0,i-GotU,tag retreival
Luna2Tag,Luna2,Felis catus,2014-06-29 00:02:05.000,2014-07-05 08:27:40.000,Hunt: No; prey_p_month: 0,4 years,Spayed,f,collar,@Trip PC,removal,Luna2,3-min fixes,hrs_indoors: 0; n_cats: 1,manipulated other,"NC, United States","Mobile Action Technology, Inc.",119.0,i-GotU,tag retreival
Little2Tag,Little2,Felis catus,2014-06-29 00:03:55.000,2014-07-05 10:32:06.000,Hunt: No; prey_p_month: 0,8 years,Neutered,m,collar,@Trip PC,removal,Little2,3-min fixes,hrs_indoors: 0; n_cats: 3,manipulated other,"NC, United States","Mobile Action Technology, Inc.",119.0,i-GotU,tag retreival
Anubis2Tag,Anubis2,Felis catus,2014-06-29 00:05:35.000,2014-07-04 10:20:45.000,Hunt: Yes; prey_p_month: 4,2 years,Neutered,m,collar,@Trip PC,removal,Anubis2,3-min fixes,hrs_indoors: 0; n_cats: 2; Notes: In winter cats are indoor/outdoor,manipulated other,"NC, United States","Mobile Action Technology, Inc.",119.0,i-GotU,tag retreival
Psycho Kitty2Tag,Psycho Kitty2,Felis catus,2014-06-29 00:19:05.000,2014-07-04 03:57:46.000,Hunt: Yes; prey_p_month: 4,7 years,Spayed,f,collar,@Trip PC,removal,Psycho Kitty2,3-min fixes,hrs_indoors: 12; n_cats: 1; Notes: free access to cat door,manipulated other,"NC, United States","Mobile Action Technology, Inc.",119.0,i-GotU,tag retreival
Asibo2Tag,Asibo2,Felis catus,2014-06-29 00:22:56.000,2014-07-04 15:34:58.000,Hunt: Yes; prey_p_month: 4,2 years,Neutered,m,collar,@Trip PC,removal,Asibo2,3-min fixes,hrs_indoors: 0; n_cats: 2; Notes: In winter cats are indoor/outdoor,manipulated other,"NC, United States","Mobile Action Technology, Inc.",119.0,i-GotU,tag retreival
Zelda2Tag,Zelda2,Felis catus,2014-07-03 02:23:30.000,2014-07-12 15:31:27.000,Hunt: No; prey_p_month: 0,3 years,Spayed,f,collar,@Trip PC,removal,Zelda2,3-min fixes,hrs_indoors: 10; n_cats: 2,manipulated other,"TN, United States","Mobile Action Technology, Inc.",119.0,i-GotU,tag retreival
Kagin2Tag,Kagin2,Felis catus,2014-07-18 22:20:25.000,2015-04-18 07:09:50.000,Hunt: Yes; prey_p_month: 4,5 years,Neutered,m,collar,@Trip PC,removal,Kagin2,3-min fixes,hrs_indoors: 10; n_cats: 1,manipulated other,"NC, United States","Mobile Action Technology, Inc.",119.0,i-GotU,tag retreival
Tallulah2Tag,Tallulah2,Felis catus,2014-07-19 00:02:27.000,2014-07-21 23:25:06.000,Hunt: No; prey_p_month: 0,1 year,Spayed,f,collar,@Trip PC,removal,Tallulah2,3-min fixes,hrs_indoors: 21; n_cats: 2,manipulated other,"NC, United States","Mobile Action Technology, Inc.",119.0,i-GotU,tag retreival
Tara2Tag,Tara2,Felis catus,2014-07-19 00:02:50.000,2014-07-22 15:53:09.000,Hunt: Yes; prey_p_month: 1,14 years,Spayed,f,collar,@Trip PC,removal,Tara2,3-min fixes,hrs_indoors: 18; n_cats: 1,manipulated other,"NC, United States","Mobile Action Technology, Inc.",119.0,i-GotU,tag retreival
Don Carlos2Tag,Don Carlos2,Felis catus,2014-07-19 02:20:29.000,2014-07-23 09:52:04.000,Hunt: Yes; prey_p_month: 8,4 years,Neutered,m,collar,@Trip PC,,Don Carlos2,3-min fixes,hrs_indoors: 20; n_cats: 2,manipulated other,"NC, United States","Mobile Action Technology, Inc.",119.0,i-GotU,tag retreival
Turtle2Tag,Turtle2,Felis catus,2014-07-21 01:37:21.000,2014-07-25 12:12:35.000,Hunt: No; prey_p_month: 0,12 years,Spayed,f,collar,@Trip PC,removal,Turtle2,3-min fixes,hrs_indoors: 10; n_cats: 2,manipulated other,"NC, United States","Mobile Action Technology, Inc.",119.0,i-GotU,tag retreival
Cat MarshallTag,Cat Marshall,Felis catus,2014-07-22 00:01:49.000,2014-07-26 23:25:27.000,Hunt: No; prey_p_month: 0,5 years,Spayed,f,collar,@Trip PC,,Cat Marshall,3-min fixes,hrs_indoors: 10; n_cats: 2,manipulated other,"NC, United States","Mobile Action Technology, Inc.",119.0,i-GotU,tag retreival
Nola2Tag,Nola2Tag,Felis catus,2014-07-22 00:02:56.000,2014-07-28 01:52:37.000,Hunt: No; prey_p_month: 0,4 years,Spayed,f,collar,@Trip PC,removal,Nola2Tag,3-min fixes,hrs_indoors: 9; n_cats: 1,manipulated other,"NC, United States","Mobile Action Technology, Inc.",119.0,i-GotU,tag retreival
Zorro2Tag,Zorro2,Felis catus,2014-07-22 00:20:07.000,2014-07-27 01:52:09.000,Hunt: No; prey_p_month: 0,4 years,Neutered,m,collar,@Trip PC,removal,Zorro2,3-min fixes,hrs_indoors: 7; n_cats: 2,manipulated other,"NC, United States","Mobile Action Technology, Inc.",119.0,i-GotU,tag retreival
Piper2Tag,Piper2,Felis catus,2014-07-22 00:33:23.000,2014-07-26 20:12:52.000,Hunt: No; prey_p_month: 0,1 year,Spayed,f,collar,@Trip PC,removal,Piper2,3-min fixes,hrs_indoors: 12; n_cats: 5,manipulated other,"NC, United States","Mobile Action Technology, Inc.",119.0,i-GotU,tag retreival
Russel2Tag,Russel2,Felis catus,2014-07-22 03:09:02.000,2014-07-27 09:57:21.000,Hunt: Yes; prey_p_month: 1,3 years,Neutered,m,collar,@Trip PC,removal,Russel2,3-min fixes,hrs_indoors: 10; n_cats: 1,manipulated other,"NC, United States","Mobile Action Technology, Inc.",119.0,i-GotU,tag retreival
Bean2Tag,Bean2,Felis catus,2014-07-26 22:01:44.000,2014-08-02 19:37:49.000,Hunt: Yes; prey_p_month: 4,3 years,Neutered,m,collar,@Trip PC,removal,Bean2,3-min fixes,hrs_indoors: 0; n_cats: 5,manipulated other,"NC, United States","Mobile Action Technology, Inc.",119.0,i-GotU,tag retreival
Roukus2Tag,Roukus2,Felis catus,2014-08-01 11:43:10.000,2015-02-17 13:26:32.000,Hunt: Yes; prey_p_month: 16; moved ME to FL with owner,6 years,Spayed,f,collar,@Trip PC,removal,Roukus2,3-min fixes,"hrs_indoors: 2; n_cats: 2; Notes: no reliable schedule, different track from same cat as above",manipulated other,"ME, United States","Mobile Action Technology, Inc.",119.0,i-GotU,tag retreival
Hailey2Tag,Hailey2,Felis catus,2014-08-06 03:28:39.000,2014-08-09 13:07:24.000,Hunt: Yes; prey_p_month: 8,10 years,Spayed,f,collar,@Trip PC,removal,Hailey2,3-min fixes,hrs_indoors: 2; n_cats: 7; Notes: free access to cat door,manipulated other,"NC, United States","Mobile Action Technology, Inc.",119.0,i-GotU,tag retreival
Emmy2Tag,Emmy2,Felis catus,2014-08-08 00:02:23.000,2014-08-09 13:03:46.000,Hunt: Yes; prey_p_month: 0; Notes: owner stated cat has only brought home prey 3 times ever,4 years,Spayed,f,collar,@Trip PC,removal,Emmy2,3-min fixes,hrs_indoors: 0; n_cats: 2,manipulated other,"NC, United States","Mobile Action Technology, Inc.",119.0,i-GotU,tag retreival
Snickerdoodle2Tag,Snickerdoodle2,Felis catus,2014-08-08 00:02:29.000,2014-08-13 03:53:38.000,Hunt: Yes; prey_p_month: 8,5 years,Spayed,f,collar,@Trip PC,removal,Snickerdoodle2,3-min fixes,hrs_indoors: 11; n_cats: 1,manipulated other,"NC, United States","Mobile Action Technology, Inc.",119.0,i-GotU,tag retreival
Cayden2Tag,Cayden2,Felis catus,2014-08-08 00:03:09.000,2014-08-09 06:51:17.000,Hunt: No; prey_p_month: 0,4 years,Neutered,m,collar,@Trip PC,removal,Cayden2,3-min fixes,hrs_indoors: 9.5; n_cats: 2,manipulated other,"NC, United States","Mobile Action Technology, Inc.",119.0,i-GotU,tag retreival
Fletcher2Tag,Fletcher2,Felis catus,2014-08-08 00:03:22.000,2014-08-09 01:09:41.000,Hunt: Yes; prey_p_month: 4,13 years,Neutered,m,collar,@Trip PC,removal,Fletcher2,3-min fixes,hrs_indoors: 11; n_cats: 1,manipulated other,"NC, United States","Mobile Action Technology, Inc.",119.0,i-GotU,tag retreival
Mia2Tag,Mia2,Felis catus,2014-08-11 17:49:41.000,2014-08-31 14:33:33.000,Hunt: Yes; prey_p_month: 4,4 years,Spayed,f,collar,@Trip PC,removal,Mia2,3-min fixes,hrs_indoors: 12; n_cats: 3,manipulated other,"CO, United States","Mobile Action Technology, Inc.",119.0,i-GotU,tag retreival
Cedar2Tag,Cedar2,Felis catus,2014-08-16 20:57:35.000,2014-08-22 07:04:17.000,Hunt: Yes; prey_p_month: 4,14 years,Neutered,m,collar,@Trip PC,removal,Cedar2,3-min fixes,"hrs_indoors: 10; n_cats: 7; Notes: has access to cat door, so can come in other times as well",manipulated other,"NC, United States","Mobile Action Technology, Inc.",119.0,i-GotU,tag retreival
Lucky2Tag,Lucky2,Felis catus,2014-08-17 16:15:16.000,2014-08-23 09:59:10.000,Hunt: No; prey_p_month: 0,11 years,Spayed,f,collar,@Trip PC,removal,Lucky2,3-min fixes,hrs_indoors: 0; n_cats: 3,manipulated other,"NJ, United States","Mobile Action Technology, Inc.",119.0,i-GotU,tag retreival
Marco2Tag,Marco2,Felis catus,2014-08-23 16:28:18.000,2014-08-24 01:58:45.000,Hunt: Yes; prey_p_month: 4,2 years,Neutered,m,collar,@Trip PC,removal,Marco2,3-min fixes,hrs_indoors: 13; n_cats: 4,manipulated other,"UpstateNY, United States","Mobile Action Technology, Inc.",119.0,i-GotU,tag retreival
Spencer2Tag,Spencer2,Felis catus,2014-10-14 02:49:03.000,2014-10-22 02:48:05.000,Hunt: Yes; prey_p_month: 8,2 years,Neutered,m,collar,@Trip PC,removal,Spencer2,3-min fixes,hrs_indoors: 8; n_cats: 2; Notes: no set schedule,manipulated other,"NC, United States","Mobile Action Technology, Inc.",119.0,i-GotU,tag retreival
Pumpkin2Tag,Pumpkin2,Felis catus,2014-10-19 23:54:10.000,2014-11-03 02:09:53.000,Hunt: No; prey_p_month: 0,12 years,Neutered,m,collar,@Trip PC,removal,Pumpkin2,3-min fixes,hrs_indoors: 12; n_cats: 1,manipulated other,"NY, United States","Mobile Action Technology, Inc.",119.0,i-GotU,tag retreival
Jack2Tag,Jack2,Felis catus,2014-10-22 20:06:47.000,2014-10-29 18:53:23.000,Hunt: No; prey_p_month: 0,5 years,Neutered,m,collar,@Trip PC,removal,Jack2,3-min fixes,hrs_indoors: 16; n_cats: 1,manipulated other,"NY, United States","Mobile Action Technology, Inc.",119.0,i-GotU,tag retreival
Starbuck2Tag,Starbuck2,Felis catus,2014-10-23 00:04:43.000,2014-11-02 18:48:53.000,Hunt: Yes; prey_p_month: 1,6 years,Neutered,m,collar,@Trip PC,removal,Starbuck2,3-min fixes,hrs_indoors: 11; n_cats: 1,manipulated other,"NY, United States","Mobile Action Technology, Inc.",119.0,i-GotU,tag retreival
Schubie2Tag,Schubie2,Felis catus,2014-10-31 00:30:22.000,2014-12-10 21:44:48.000,Hunt: No; prey_p_month: 0,7 years,Spayed,f,collar,@Trip PC,removal,Schubie2,3-min fixes,hrs_indoors: 11; n_cats: 1,manipulated other,"NY, United States","Mobile Action Technology, Inc.",119.0,i-GotU,tag retreival
Merrie2Tag,Merrie2,Felis catus,2014-11-06 04:32:47.000,2014-12-21 22:09:29.000,Hunt: Yes; prey_p_month: 4,7 years,Spayed,f,collar,@Trip PC,removal,Merrie2,3-min fixes,hrs_indoors: 11; n_cats: 1,manipulated other,Newfoundland,"Mobile Action Technology, Inc.",119.0,i-GotU,tag retreival
HersheyTag,Hershey,Felis catus,2014-11-07 06:05:27.000,2014-11-20 05:57:01.000,Hunt: Yes; prey_p_month: 4,7 years,Neutered,m,collar,@Trip PC,removal,Hershey,3-min fixes,hrs_indoors: 13.5; n_cats: 1,manipulated other,"NC, United States","Mobile Action Technology, Inc.",119.0,i-GotU,tag retreival
PumpkinKTag,Pumpkin Kane,Felis catus,2014-11-08 01:03:33.000,2014-12-18 17:24:16.000,Hunt: Yes; prey_p_month: 12,8 years,Spayed,f,collar,@Trip PC,removal,Pumpkin Kane,3-min fixes,hrs_indoors: 12; n_cats: 1; Notes: free access to cat door,manipulated other,"NC, United States","Mobile Action Technology, Inc.",119.0,i-GotU,tag retreival
TabascoTag,Tabasco,Felis catus,2014-11-08 01:03:49.000,2014-11-20 04:33:55.000,Hunt: Yes; prey_p_month: 4,11 years,Neutered,m,collar,@Trip PC,removal,Tabasco,3-min fixes,hrs_indoors: 0; n_cats: 1,manipulated other,"NC, United States","Mobile Action Technology, Inc.",119.0,i-GotU,tag retreival
PringleTag,Pringle,Felis catus,2014-11-08 06:03:10.000,2014-11-20 05:56:53.000,Hunt: Yes; prey_p_month: 1,5 years,Spayed,f,collar,@Trip PC,removal,Pringle,3-min fixes,hrs_indoors: 11; n_cats: 1,manipulated other,"NC, United States","Mobile Action Technology, Inc.",119.0,i-GotU,tag retreival
BelugaTag,Beluga,Felis catus,2014-11-08 20:02:26.000,2014-11-13 15:58:08.000,Hunt: No; prey_p_month: 0,2 years,Neutered,m,collar,@Trip PC,,Beluga,3-min fixes,"hrs_indoors: 12; n_cats: 11; Notes: has free access to cat door, so time inside varies",manipulated other,"NY, United States","Mobile Action Technology, Inc.",119.0,i-GotU,tag retreival
NiaTag,Nia,Felis catus,2014-11-10 16:16:33.000,2014-11-16 01:58:22.000,Hunt: Yes; prey_p_month: 1,4 years,Spayed,f,collar,@Trip PC,removal,Nia,3-min fixes,hrs_indoors: 16; n_cats: 1,manipulated other,"GA, United States","Mobile Action Technology, Inc.",119.0,i-GotU,tag retreival
OscarL Tag,Oscar L,Felis catus,2014-11-13 05:05:03.000,2016-05-15 03:59:36.000,Hunt: Yes; prey_p_month: 4,11 years,Neutered,m,collar,@Trip PC,removal,Oscar L,3-min fixes,hrs_indoors: 12; n_cats: 4,manipulated other,"CT, United States","Mobile Action Technology, Inc.",119.0,i-GotU,tag retreival
Goliath2Tag,Goliath2,Felis catus,2014-11-14 07:15:04.000,2014-11-20 05:03:11.000,Hunt: Yes; prey_p_month: 4,6 years,Neutered,m,collar,@Trip PC,,Goliath2,3-min fixes,hrs_indoors: 10; n_cats: 1,manipulated other,"CO, United States","Mobile Action Technology, Inc.",119.0,i-GotU,tag retreival
HemingwayTag,Hemingway,Felis catus,2014-11-19 12:00:31.000,2014-11-24 01:59:57.000,Hunt: Yes; prey_p_month: 1,4 years,Neutered,m,collar,@Trip PC,removal,Hemingway,3-min fixes,hrs_indoors: 8; n_cats: 2,manipulated other,"NY, United States","Mobile Action Technology, Inc.",119.0,i-GotU,tag retreival
MistyTag,Misty,Felis catus,2014-11-28 03:49:05.000,2014-12-01 10:44:43.000,Hunt: Yes; prey_p_month: 4,3 years,Spayed,f,collar,@Trip PC,removal,Misty,3-min fixes,hrs_indoors: 24; n_cats: 2; Notes: sometimes escapes,manipulated other,"NY, United States","Mobile Action Technology, Inc.",119.0,i-GotU,tag retreival
OscarJ Tag,Oscar J,Felis catus,2014-11-28 18:01:50.000,2014-12-08 22:59:05.000,Hunt: Yes; prey_p_month: 4,2 years,Neutered,m,collar,@Trip PC,removal,Oscar J,3-min fixes,"hrs_indoors: 10; n_cats: 1; Notes: free access to cat door, usually in at night",manipulated other,"NY, United States","Mobile Action Technology, Inc.",119.0,i-GotU,tag retreival
PeanutTag,Peanut,Felis catus,2014-12-03 00:11:36.000,2014-12-13 14:57:22.000,Hunt: Yes; prey_p_month: 4,1 year,Spayed,f,collar,@Trip PC,removal,Peanut,3-min fixes,"hrs_indoors: 12; n_cats: 3; Notes: no pattern to time inside, sometimes out for 24 hours, sometimes in all day",manipulated other,"NY, United States","Mobile Action Technology, Inc.",119.0,i-GotU,tag retreival
Mr.LuckyTag,Mr.Lucky,Felis catus,2014-12-04 21:32:04.000,2014-12-18 04:54:58.000,Hunt: No; prey_p_month: 0,3 years,Neutered,m,collar,@Trip PC,,Mr.Lucky,3-min fixes,hrs_indoors: 12; n_cats: 2,manipulated other,"CT, United States","Mobile Action Technology, Inc.",119.0,i-GotU,tag retreival
PolyTag,Poly,Felis catus,2014-12-04 21:32:52.000,2014-12-18 20:57:46.000,Hunt: Yes; prey_p_month: 8,4 years,Spayed,f,collar,@Trip PC,,Poly,3-min fixes,hrs_indoors: 20; n_cats: 1,manipulated other,"CT, United States","Mobile Action Technology, Inc.",119.0,i-GotU,tag retreival
BooBooKittyTag,BooBooKitty,Felis catus,2014-12-09 13:19:48.000,2014-12-21 20:42:08.000,Hunt: No; prey_p_month: 0,12 years,Spayed,f,collar,@Trip PC,removal,BooBooKitty,3-min fixes,hrs_indoors: 14; n_cats: 1,manipulated other,"NY, United States","Mobile Action Technology, Inc.",119.0,i-GotU,tag retreival
SheldonTag,Sheldon,Felis catus,2014-12-11 06:02:20.000,2014-12-20 12:05:20.000,Hunt: Yes; prey_p_month: 8,7 years,Spayed,f,collar,@Trip PC,removal,Sheldon,3-min fixes,hrs_indoors: 13; n_cats: 2,manipulated other,"CT, United States","Mobile Action Technology, Inc.",119.0,i-GotU,tag retreival
Atticus Tag,Atticus,Felis catus,2014-12-17 06:01:03.000,2014-12-19 05:55:19.000,Hunt: Yes; prey_p_month: 1,8 years,Neutered,m,collar,@Trip PC,removal,Atticus,3-min fixes,hrs_indoors: 24; n_cats: 3; Notes: previously lived indoor/outdoor and often gets outside,manipulated other,"NC, United States","Mobile Action Technology, Inc.",119.0,i-GotU,tag retreival
Frank,Frank,Felis catus,2014-12-18 13:08:03.000,2014-12-27 05:49:43.000,Hunt: Yes; prey_p_month: 12,3 years,Neutered,m,collar,@Trip PC,removal,Frank,3-min fixes,hrs_indoors: 12; n_cats: 2; Notes: doesn't always go out at night,manipulated other,"CT, United States","Mobile Action Technology, Inc.",119.0,i-GotU,tag retreival
CoalTag,Coal,Felis catus,2014-12-29 18:09:52.000,2015-01-11 05:58:29.000,Hunt: Yes; prey_p_month: 4,7 years,Neutered,m,collar,@Trip PC,removal,Coal,3-min fixes,hrs_indoors: 16; n_cats: 2,manipulated other,"CT, United States","Mobile Action Technology, Inc.",119.0,i-GotU,tag retreival
DouglasTag,Douglas,Felis catus,2014-12-31 06:02:37.000,2015-02-12 04:59:44.000,Hunt: Yes; prey_p_month: 1,7 years,Neutered,m,collar,@Trip PC,removal,Douglas,3-min fixes,hrs_indoors: 11; n_cats: 2,manipulated other,"NC, United States","Mobile Action Technology, Inc.",119.0,i-GotU,tag retreival
SpikeTag,Spike,Felis catus,2014-12-31 06:18:07.000,2015-02-12 04:57:20.000,Hunt: Yes; prey_p_month: 4,4 years,Neutered,m,collar,@Trip PC,removal,Spike,3-min fixes,hrs_indoors: 10; n_cats: 3,manipulated other,"NC, United States","Mobile Action Technology, Inc.",119.0,i-GotU,tag retreival
SylvesterTag,Sylvester,Felis catus,2015-01-01 05:05:52.000,2015-01-11 04:58:35.000,Hunt: Yes; prey_p_month: 4,7 years,Neutered,m,collar,@Trip PC,removal,Sylvester,3-min fixes,hrs_indoors: 14; n_cats: 2,manipulated other,"CT, United States","Mobile Action Technology, Inc.",119.0,i-GotU,tag retreival
OrangeTag,Orange,Felis catus,2015-01-01 18:27:28.000,2015-01-30 03:54:02.000,Hunt: Yes; prey_p_month: 4,4 years,Spayed,f,collar,@Trip PC,removal,Orange,3-min fixes,hrs_indoors: 20; n_cats: 2,manipulated other,"FL, United States","Mobile Action Technology, Inc.",119.0,i-GotU,tag retreival
Justice,Justice,Felis catus,2015-01-03 07:39:03.000,2015-01-13 04:58:20.000,Hunt: No; prey_p_month: 0,9 years,Neutered,m,collar,@Trip PC,removal,Justice,3-min fixes,hrs_indoors: 0.75; n_cats: 2,manipulated other,"CT, United States","Mobile Action Technology, Inc.",119.0,i-GotU,tag retreival
ZoeyTag,Zoey,Felis catus,2015-01-07 01:02:28.000,2015-02-12 04:57:23.000,Hunt: Yes; prey_p_month: 12,5 years,Spayed,f,collar,@Trip PC,removal,Zoey,3-min fixes,hrs_indoors: 12; n_cats: 3,manipulated other,"NC, United States","Mobile Action Technology, Inc.",119.0,i-GotU,tag retreival
MinnieH Tag,Minnie H,Felis catus,2015-01-07 01:02:35.000,2015-02-12 04:57:20.000,Hunt: No; prey_p_month: 0,14 years,Spayed,f,collar,@Trip PC,removal,Minnie H,3-min fixes,hrs_indoors: 12; n_cats: 3,manipulated other,"NC, United States","Mobile Action Technology, Inc.",119.0,i-GotU,tag retreival
PicchuTag,Picchu,Felis catus,2015-01-07 13:34:17.000,2015-02-11 23:36:35.000,Hunt: Yes; prey_p_month: 4,9 years,Neutered,m,collar,@Trip PC,removal,Picchu,3-min fixes,hrs_indoors: 6; n_cats: 2,manipulated other,"NC, United States","Mobile Action Technology, Inc.",119.0,i-GotU,tag retreival
RockyTag,Rocky,Felis catus,2015-01-19 07:17:56.000,2015-01-27 05:48:25.000,Hunt: Yes; prey_p_month: 4,9 years,Neutered,m,collar,@Trip PC,removal,Rocky,3-min fixes,hrs_indoors: 15.5; n_cats: 3,manipulated other,"NY, United States","Mobile Action Technology, Inc.",119.0,i-GotU,tag retreival
Louie,LouieTag,Felis catus,2015-01-20 06:02:04.000,2015-02-03 05:59:48.000,Hunt: No; prey_p_month: 0,5 years,Neutered,m,collar,@Trip PC,removal,LouieTag,3-min fixes,hrs_indoors: 14; n_cats: 1,manipulated other,"CT, United States","Mobile Action Technology, Inc.",119.0,i-GotU,tag retreival
Mindy2Tag,Mindy2,Felis catus,2015-01-23 19:42:07.000,2015-06-11 09:47:54.000,Hunt: Yes; prey_p_month: 8,5 years,Spayed,f,collar,@Trip PC,removal,Mindy2,3-min fixes,hrs_indoors: 12; n_cats: 3,manipulated other,"NY, United States","Mobile Action Technology, Inc.",119.0,i-GotU,tag retreival
JoeyTag,Joey,Felis catus,2015-01-25 01:13:33.000,2015-02-05 01:38:35.000,Hunt: Yes; prey_p_month: 4,10 years,Neutered,m,collar,@Trip PC,removal,Joey,3-min fixes,hrs_indoors: 8; n_cats: 4,manipulated other,"NC, United States","Mobile Action Technology, Inc.",119.0,i-GotU,tag retreival
MiloTag,Milo,Felis catus,2015-01-26 06:00:34.000,2015-02-05 05:59:04.000,Hunt: Yes; prey_p_month: 8; Notes: owners say cat catches prey almost daily in summer,3 years,Neutered,m,collar,@Trip PC,removal,Milo,3-min fixes,hrs_indoors: 11; n_cats: 1; Notes: during bad weather stays indoors all day,manipulated other,"CT, United States","Mobile Action Technology, Inc.",119.0,i-GotU,tag retreival
ElleTag,Elle,Felis catus,2015-02-07 14:16:34.000,2015-02-23 01:41:23.000,Hunt: No; prey_p_month: 0,5 years,Spayed,f,collar,@Trip PC,removal,Elle,3-min fixes,hrs_indoors: 2; n_cats: 4,manipulated other,"NC, United States","Mobile Action Technology, Inc.",119.0,i-GotU,tag retreival
BennyTag,Benny,Felis catus,2015-02-08 05:00:35.000,2015-02-15 13:20:29.000,Hunt: Yes; prey_p_month: 8,4 years,Neutered,m,collar,@Trip PC,removal,Benny,3-min fixes,hrs_indoors: 18; n_cats: 2; Notes: out longer on weekends,manipulated other,"NC, United States","Mobile Action Technology, Inc.",119.0,i-GotU,tag retreival
PeanutRTag,PeanutR,Felis catus,2015-02-08 05:00:35.000,2015-02-15 13:20:21.000,Hunt: Yes; prey_p_month: 8,4 years,Neutered,m,collar,@Trip PC,removal,PeanutR,3-min fixes,hrs_indoors: 9.5; n_cats: 2; Notes: outside longer on weekends,manipulated other,"NC, United States","Mobile Action Technology, Inc.",119.0,i-GotU,tag retreival
Leopard2Tag,Leopard2,Felis catus,2015-02-24 06:03:05.000,2015-03-08 05:58:12.000,Hunt: N/A; prey_p_month: N/A; Notes: participant did not answer several questions,2 years,Neutered,m,collar,@Trip PC,removal,Leopard2,3-min fixes,hrs_indoors: N/A; n_cats: 1,manipulated other,"NC, United States","Mobile Action Technology, Inc.",119.0,i-GotU,tag retreival
FranklinTag,Franklin,Felis catus,2015-02-24 06:05:01.000,2015-03-08 05:58:55.000,Hunt: Yes; prey_p_month: 8,8 years,Neutered,m,collar,@Trip PC,removal,Franklin,3-min fixes,hrs_indoors: 6; n_cats: 2,manipulated other,"NC, United States","Mobile Action Technology, Inc.",119.0,i-GotU,tag retreival
Junior2Tag,Junior2,Felis catus,2015-02-24 06:19:42.000,2015-03-22 04:57:25.000,Hunt: Yes; prey_p_month: 1,6 years,Neutered,m,collar,@Trip PC,removal,Junior2,3-min fixes,hrs_indoors: 12; n_cats: 2,manipulated other,"NC, United States","Mobile Action Technology, Inc.",119.0,i-GotU,tag retreival
ConanTag,Conan,Felis catus,2015-02-25 02:52:53.000,2015-02-28 14:59:30.000,Hunt: Yes; prey_p_month: 1,13 years,Neutered,m,collar,@Trip PC,removal,Conan,3-min fixes,hrs_indoors: 1; n_cats: 1,manipulated other,"NC, United States","Mobile Action Technology, Inc.",119.0,i-GotU,tag retreival
Gianni2Tag,Gianni2,Felis catus,2015-03-03 06:19:44.000,2015-03-14 10:04:21.000,Hunt: Yes; prey_p_month: 8,10 years,Neutered,m,collar,@Trip PC,removal,Gianni2,3-min fixes,hrs_indoors: 6; n_cats: 4,manipulated other,"NC, United States","Mobile Action Technology, Inc.",119.0,i-GotU,tag retreival
SmattieTag,Smattie,Felis catus,2015-03-03 07:09:58.000,2015-03-15 09:48:29.000,Hunt: Yes; prey_p_month: 8,6 years,Neutered,m,collar,@Trip PC,,Smattie,3-min fixes,hrs_indoors: 6; n_cats: 4,manipulated other,"NC, United States","Mobile Action Technology, Inc.",119.0,i-GotU,tag retreival
Seth2Tag,Seth2,Felis catus,2015-03-05 06:02:12.000,2015-06-21 15:08:25.000,Hunt: No; prey_p_month: 0,4 years,Neutered,m,collar,@Trip PC,,Seth2,3-min fixes,hrs_indoors: 13; n_cats: 6,manipulated other,"NC, United States","Mobile Action Technology, Inc.",119.0,i-GotU,tag retreival
Aya2Tag,Aya2,Felis catus,2015-03-09 20:16:16.000,2015-03-25 20:26:41.000,Hunt: Yes; prey_p_month: 4; Notes: this is the cat that steals clothing from Denmark,3 years,Neutered,m,collar,@Trip PC,removal,Aya2,3-min fixes,hrs_indoors: 8; n_cats: 2; Notes:  in winter cat is mostly indoors,manipulated other,Denmark,"Mobile Action Technology, Inc.",119.0,i-GotU,tag retreival
Fiona2Tag,Fiona2,Felis catus,2015-03-10 04:02:34.000,2015-03-22 04:59:11.000,Hunt: Yes; prey_p_month: 20,1 year,Spayed,f,collar,@Trip PC,removal,Fiona2,3-min fixes,hrs_indoors: 13; n_cats: 2,manipulated other,"NC, United States","Mobile Action Technology, Inc.",119.0,i-GotU,tag retreival
Purrcy2Tag,Purrcy2,Felis catus,2015-03-10 04:02:56.000,2015-03-22 04:56:46.000,Hunt: Yes; prey_p_month: 8,5 years,Neutered,m,collar,@Trip PC,removal,Purrcy2,3-min fixes,hrs_indoors: 13; n_cats: 3,manipulated other,"NC, United States","Mobile Action Technology, Inc.",119.0,i-GotU,tag retreival
George2Tag,George2,Felis catus,2015-03-10 04:04:04.000,2015-03-22 04:59:46.000,Hunt: Yes; prey_p_month: 16,1 year,Neutered,m,collar,@Trip PC,removal,George2,3-min fixes,hrs_indoors: 13; n_cats: 2,manipulated other,"NC, United States","Mobile Action Technology, Inc.",119.0,i-GotU,tag retreival
Selkie2Tag,Selkie2,Felis catus,2015-03-10 04:07:05.000,2015-03-22 04:58:00.000,Hunt: Yes; prey_p_month: 4,5 years,Spayed,f,collar,@Trip PC,removal,Selkie2,3-min fixes,hrs_indoors: 22; n_cats: 4,manipulated other,"NC, United States","Mobile Action Technology, Inc.",119.0,i-GotU,tag retreival
Reggie2Tag,Reggie2,Felis catus,2015-03-10 04:18:36.000,2015-03-22 04:59:20.000,Hunt: No; prey_p_month: 0,13 years,Neutered,m,collar,@Trip PC,removal,Reggie2,3-min fixes,hrs_indoors: 12; n_cats: 1,manipulated other,"NC, United States","Mobile Action Technology, Inc.",119.0,i-GotU,tag retreival
Asher2Tag,Asher2,Felis catus,2015-03-17 05:02:50.000,2015-03-28 23:24:45.000,Hunt: Yes; prey_p_month: 8,3 years,Neutered,m,collar,@Trip PC,removal,Asher2,3-min fixes,hrs_indoors: 11; n_cats: 1,manipulated other,"NC, United States","Mobile Action Technology, Inc.",119.0,i-GotU,tag retreival
Climber2Tag,Climber2,Felis catus,2015-03-17 05:05:38.000,2015-03-29 02:26:09.000,Hunt: Yes; prey_p_month: 4,9 years,Neutered,m,collar,@Trip PC,removal,Climber2,3-min fixes,hrs_indoors: 0; n_cats: 2,manipulated other,"NC, United States","Mobile Action Technology, Inc.",119.0,i-GotU,tag retreival
Sunny2Tag,Sunny2,Felis catus,2015-03-17 09:38:50.000,2015-03-29 04:59:52.000,Hunt: No; prey_p_month: 0,9 years,Spayed,f,collar,@Trip PC,removal,Sunny2,3-min fixes,hrs_indoors: 0; n_cats: 2,manipulated other,"NC, United States","Mobile Action Technology, Inc.",119.0,i-GotU,tag retreival
Nikki2Tag,Nikki2,Felis catus,2015-03-23 04:02:15.000,2015-04-06 14:09:19.000,Hunt: Yes; prey_p_month: 4,8 years,Spayed,f,collar,@Trip PC,removal,Nikki2,3-min fixes,hrs_indoors: 3; n_cats: 2,manipulated other,"NY, United States","Mobile Action Technology, Inc.",119.0,i-GotU,tag retreival
Bumbles2Tag,Bumbles2,Felis catus,2015-03-24 04:01:44.000,2015-04-08 03:51:43.000,Hunt: Yes; prey_p_month: 12,9 years,Neutered,m,collar,@Trip PC,removal,Bumbles2,3-min fixes,hrs_indoors: 12; n_cats: 2; Notes: longer in winter and bad weather,manipulated other,"CT, United States","Mobile Action Technology, Inc.",119.0,i-GotU,tag retreival
Bela2Tag,Bela2,Felis catus,2015-03-24 05:03:22.000,2015-04-05 23:59:42.000,Hunt: Yes; prey_p_month: 1,2 years,Neutered,m,collar,@Trip PC,,Bela2,3-min fixes,hrs_indoors: 12; n_cats: 2,manipulated other,"NC, United States","Mobile Action Technology, Inc.",119.0,i-GotU,tag retreival
Pickles2Tag,Pickles2,Felis catus,2015-03-26 05:05:57.000,2015-04-05 04:49:44.000,Hunt: Yes; prey_p_month: 12,3 years,Neutered,m,collar,@Trip PC,removal,Pickles2,3-min fixes,hrs_indoors: 5; n_cats: 2,manipulated other,"CT, United States","Mobile Action Technology, Inc.",119.0,i-GotU,tag retreival
Bongo2Tag,Bongo2,Felis catus,2015-04-10 05:02:34.000,2015-04-20 03:58:37.000,Hunt: Yes; prey_p_month: 12,4 years,Neutered,m,collar,@Trip PC,removal,Bongo2,3-min fixes,hrs_indoors: 12; n_cats: 1,manipulated other,"CT, United States","Mobile Action Technology, Inc.",119.0,i-GotU,tag retreival
Lupe2Tag,Lupe2,Felis catus,2015-04-12 04:02:04.000,2015-04-28 03:58:32.000,Hunt: Yes; prey_p_month: 12,4 years,Neutered,m,collar,@Trip PC,removal,Lupe2,3-min fixes,hrs_indoors: 7; n_cats: 2,manipulated other,"MA, United States","Mobile Action Technology, Inc.",119.0,i-GotU,tag retreival
Chester2Tag,Chester2,Felis catus,2015-04-18 04:22:14.000,2015-04-30 03:58:56.000,Hunt: Yes; prey_p_month: 4,4 years,Neutered,m,collar,@Trip PC,removal,Chester2,3-min fixes,hrs_indoors: 10; n_cats: 2,manipulated other,"NY, United States","Mobile Action Technology, Inc.",119.0,i-GotU,tag retreival
Maisey2Tag,Maisey2,Felis catus,2015-04-18 19:47:57.000,2015-04-26 12:01:21.000,Hunt: Yes; prey_p_month: 4,2 years,Spayed,f,collar,@Trip PC,removal,Maisey2,3-min fixes,hrs_indoors: 12; n_cats: 2; Notes: free access to cat door,manipulated other,"NY, United States","Mobile Action Technology, Inc.",119.0,i-GotU,tag retreival
Jingles2Tag,Jingles2,Felis catus,2015-04-19 04:05:26.000,2015-04-29 03:57:17.000,Hunt: Yes; prey_p_month: 28,8 years,Neutered,m,collar,@Trip PC,removal,Jingles2,3-min fixes,hrs_indoors: 15; n_cats: 1,manipulated other,"CT, United States","Mobile Action Technology, Inc.",119.0,i-GotU,tag retreival
Misu2Tag,Misu2,Felis catus,2015-04-20 04:02:22.000,2015-04-30 03:57:35.000,Hunt: Yes; prey_p_month: 4,9 years,Neutered,m,collar,@Trip PC,removal,Misu2,3-min fixes,hrs_indoors: 13; n_cats: 1,manipulated other,"CT, United States","Mobile Action Technology, Inc.",119.0,i-GotU,tag retreival
NattyBumpo2Tag,NattyBumpo2,Felis catus,2015-05-06 04:47:14.000,2015-05-12 04:29:29.000,Hunt: Yes; prey_p_month: 12,8 years,Spayed,f,collar,@Trip PC,removal,NattyBumpo2,3-min fixes,hrs_indoors: 13; n_cats: 2,manipulated other,"CT, United States","Mobile Action Technology, Inc.",119.0,i-GotU,tag retreival
Fenimore Cooper2Tag,Fenimore Cooper2,Felis catus,2015-05-12 04:02:30.000,2015-05-12 05:30:00.000,Hunt: Yes; prey_p_month: 4,8 years,Neutered,m,collar,@Trip PC,removal,Fenimore Cooper2,3-min fixes,hrs_indoors: 12; n_cats: 2,manipulated other,"CT, United States","Mobile Action Technology, Inc.",119.0,i-GotU,tag retreival
Penelope2Tag,Penelope2,Felis catus,2015-05-15 04:03:15.000,2015-05-25 03:59:04.000,Hunt: Yes; prey_p_month: 8,3 years,Spayed,f,collar,@Trip PC,removal,Penelope2,3-min fixes,hrs_indoors: 10; n_cats: 1,manipulated other,"CT, United States","Mobile Action Technology, Inc.",119.0,i-GotU,tag retreival
Bella2Tag,Bella2,Felis catus,2015-05-17 04:02:43.000,2015-05-29 03:58:08.000,Hunt: Yes; prey_p_month: 8,5 years,Spayed,f,collar,@Trip PC,removal,Bella2,3-min fixes,hrs_indoors: 10.5; n_cats: 4,manipulated other,"NC, United States","Mobile Action Technology, Inc.",119.0,i-GotU,tag retreival
Gracie L2 Tag,Gracie L2,Felis catus,2015-05-17 04:02:57.000,2015-05-28 22:42:44.000,Hunt: Yes; prey_p_month: 4,16 years,Spayed,f,collar,@Trip PC,removal,Gracie L2,3-min fixes,hrs_indoors: 10.5; n_cats: 4,manipulated other,"NC, United States","Mobile Action Technology, Inc.",119.0,i-GotU,tag retreival
Solo2Tag,Solo2,Felis catus,2015-05-17 05:35:49.000,2015-05-21 03:58:27.000,Hunt: No; prey_p_month: 1,2 years,Neutered,m,collar,@Trip PC,removal,Solo2,3-min fixes,hrs_indoors: 13; n_cats: 2,manipulated other,"NC, United States","Mobile Action Technology, Inc.",119.0,i-GotU,tag retreival
Oreo2Tag,Oreo2,Felis catus,2015-06-06 04:01:53.000,2015-06-11 03:57:29.000,Hunt: Yes; prey_p_month: 8,5 years,Neutered,m,collar,@Trip PC,removal,Oreo2,3-min fixes,hrs_indoors: 7; n_cats: 3; Notes: hours inside vary widely,manipulated other,"NC, United States","Mobile Action Technology, Inc.",119.0,i-GotU,tag retreival
Ladybird2Tag,Ladybird2,Felis catus,2015-06-12 16:05:32.000,2015-06-26 21:35:34.000,Hunt: Yes; prey_p_month: 4,10 years,Spayed,f,collar,@Trip PC,,Ladybird2,3-min fixes,hrs_indoors: 17; n_cats: 6,manipulated other,"NC, United States","Mobile Action Technology, Inc.",119.0,i-GotU,tag retreival
Striper2Tag,Striper2,Felis catus,2015-06-12 16:05:33.000,2015-06-27 03:58:08.000,Hunt: Yes; prey_p_month: 4,10 years,Spayed,f,collar,@Trip PC,,Striper2,3-min fixes,hrs_indoors: 16.5; n_cats: 6,manipulated other,"NC, United States","Mobile Action Technology, Inc.",119.0,i-GotU,tag retreival
Billy Whiskers2Tag,Billy Whiskers2,Felis catus,2015-06-12 16:06:06.000,2015-06-25 18:48:20.000,Hunt: Yes; prey_p_month: 4,2 years,Neutered,m,collar,@Trip PC,,Billy Whiskers2,3-min fixes,hrs_indoors: 9; n_cats: 6,manipulated other,"NC, United States","Mobile Action Technology, Inc.",119.0,i-GotU,tag retreival
Baby Kitty2Tag,Baby Kitty 2,Felis catus,2015-06-12 16:06:08.000,2015-06-26 02:07:37.000,Hunt: Yes; prey_p_month: 8,1 year,Not fixed,m,collar,@Trip PC,,Baby Kitty 2,3-min fixes,hrs_indoors: 9.5; n_cats: 6,manipulated other,"NC, United States","Mobile Action Technology, Inc.",119.0,i-GotU,tag retreival
Diamond2Tag,Diamond2,Felis catus,2015-06-12 16:07:10.000,2015-06-27 03:01:11.000,Hunt: Yes; prey_p_month: 16,2 years,Spayed,f,collar,@Trip PC,,Diamond2,3-min fixes,hrs_indoors: 12; n_cats: 6,manipulated other,"NC, United States","Mobile Action Technology, Inc.",119.0,i-GotU,tag retreival
Smokey2Tag,Smokey2,Felis catus,2015-06-22 04:47:34.000,2015-06-28 01:33:33.000,Hunt: Yes; prey_p_month: 4,3 years,Neutered,m,collar,@Trip PC,removal,Smokey2,3-min fixes,hrs_indoors: 12; n_cats: 2,manipulated other,"CT, United States","Mobile Action Technology, Inc.",119.0,i-GotU,tag retreival
Shadow2Tag,Shadow2,Felis catus,2015-06-22 06:48:01.000,2015-06-28 06:53:48.000,Hunt: Yes; prey_p_month: 4,3 years,Neutered,m,collar,@Trip PC,removal,Shadow2,3-min fixes,hrs_indoors: 12; n_cats: 2,manipulated other,"CT, United States","Mobile Action Technology, Inc.",119.0,i-GotU,tag retreival
Senor2Tag,Senor2,Felis catus,2015-06-23 04:03:23.000,2015-06-29 06:29:39.000,Hunt: Yes; prey_p_month: 4,13 years,Neutered,m,collar,@Trip PC,removal,Senor2,3-min fixes,hrs_indoors: 0; n_cats: 2; Notes: stays inside often in winter,manipulated other,"CT, United States","Mobile Action Technology, Inc.",119.0,i-GotU,tag retreival
Sandstorm2Tag,Sandstorm2,Felis catus,2015-08-06 22:53:52.000,2015-11-05 10:03:12.000,Hunt: Yes; prey_p_month: 4,4 years,Spayed,f,collar,@Trip PC,removal,Sandstorm2,3-min fixes,hrs_indoors: 6; n_cats: 2; Notes: sporadically comes inside other then meal times,manipulated other,"NC, United States","Mobile Action Technology, Inc.",119.0,i-GotU,tag retreival
Oliver2Tag,Oliver2,Felis catus,2015-08-08 04:02:43.000,2015-08-17 03:59:06.000,Hunt: Yes; prey_p_month: 8,7 years,Neutered,m,collar,@Trip PC,removal,Oliver2,3-min fixes,hrs_indoors: 12; n_cats: 1; Notes: sometimes out all day,manipulated other,"CT, United States","Mobile Action Technology, Inc.",119.0,i-GotU,tag retreival
Herman2Tag,Herman2,Felis catus,2015-08-14 10:21:48.000,2015-08-24 03:05:22.000,Hunt: Yes; prey_p_month: 4,8 years,Neutered,m,collar,@Trip PC,removal,Herman2,3-min fixes,hrs_indoors: 16; n_cats: 2,manipulated other,"NY, United States","Mobile Action Technology, Inc.",119.0,i-GotU,tag retreival
Road KillTag,Roady,Felis catus,2015-09-07 00:37:33.000,2015-10-29 12:24:54.000,Hunt: ; prey_p_month:,,, ,collar,@Trip PC,,Roady,3-min fixes,hrs_indoors: ; n_cats:,manipulated other,"VA, United States","Mobile Action Technology, Inc.",119.0,i-GotU,tag retreival
Willy2Tag,Willy2,Felis catus,2015-09-27 04:01:59.000,2015-10-07 03:59:41.000,Hunt: Yes; prey_p_month: 8,13 years,Neutered,m,collar,@Trip PC,removal,Willy2,3-min fixes,hrs_indoors: 12; n_cats: 1,manipulated other,"CT, United States","Mobile Action Technology, Inc.",119.0,i-GotU,tag retreival
SparklesTag,Sparkles,Felis catus,2016-03-24 23:33:46.000,2016-03-30 04:58:22.000,Hunt: No; prey_p_month: 0,4 years,Neutered,m,collar,@Trip PC,removal,Sparkles,3-min fixes,hrs_indoors: 13; n_cats: 2,manipulated other,"CA, United States","Mobile Action Technology, Inc.",119.0,i-GotU,tag retreival
ZiggyTag,Ziggy,Felis catus,2016-05-26 04:02:11.000,2016-07-25 10:59:32.000,Hunt: Yes; prey_p_month: 1,8 years,Neutered,m,collar,@Trip PC,removal,Ziggy,3-min fixes,hrs_indoors: 11; n_cats: 1,manipulated other,"MD, United States","Mobile Action Technology, Inc.",119.0,i-GotU,tag retreival
ParkerTag,Parker,Felis catus,2016-06-11 04:01:25.000,2016-06-21 03:56:05.000,Hunt: Yes; prey_p_month: 4,6 years,Neutered,m,collar,@Trip PC,removal,Parker,3-min fixes,"hrs_indoors: 12; n_cats: 1; Notes: no pattern to time inside, sometimes out for 24 hours, sometimes in all day",manipulated other,"CT, United States","Mobile Action Technology, Inc.",119.0,i-GotU,tag retreival
Kitty-BoyTag,Kitty-Boy,Felis catus,2016-06-11 15:00:14.000,2016-07-04 13:03:58.000,Hunt: ; prey_p_month:,,, ,collar,@Trip PC,removal,Kitty-Boy,3-min fixes,hrs_indoors: ; n_cats:,manipulated other,"MN, United States","Mobile Action Technology, Inc.",119.0,i-GotU,tag retreival
